feature_0,feature_1,feature_2,feature_3,feature_4,feature_5,feature_6,feature_7,feature_8,feature_9,feature_10,feature_11,feature_12,feature_13,feature_14,feature_15,target
8.65345076010081,-3.357099237545704,3.0823206001906116,4.4135156123263775,0.5858942323464483,1.8999027119305283,3.0977136271585644,4.713448048358765,3.7568025269915335,-3.837921541424814,2.0338292652267773,2.7886085784551065,-5.0533554248859485,-2.243989954298355,-0.28174474340330685,0.507703344146581,0
16.76846202501425,17.91969006506681,0.9761618872837015,0.38172859183673247,-0.9627141084012714,-1.0902277540405247,-3.5801197641799747,-6.062231765331067,-3.473510556812572,4.923899824916919,-6.012883999225231,-3.5207675507581584,0.4668085957116156,8.772025069409342,-7.539537029976332,3.980115360424079,2
15.027127715682191,2.903083362876437,21.513838378417123,-3.7429702931734488,2.066141558295189,-3.2217146634500358,2.5080635524664228,2.640346758093318,-0.7780773457512495,-0.2971218939790694,3.66508135896987,-3.816454304864503,1.5418085154805818,-1.5431297180157828,1.1529769377413912,3.8114214915691846,3
2.686442647396923,15.352089079378985,-0.8381927043629867,3.111946875487516,3.9360521696656003,-1.9514774301287174,-1.294005496587787,-1.0375778562431592,4.024718583849825,0.7342416887242651,0.019398582332387327,-0.8626591707875859,-4.1301855783269685,4.327129563121176,2.9148823774594597,0.2868486383204571,2
7.238017007624302,8.033391907353248,11.824948349574697,-2.2912499588796043,-6.193827636214131,5.117213521867305,-0.6055112948265463,4.498454915616121,-6.881151518812031,3.308417629300408,1.7434746819466742,-1.4393328602068858,2.8071825849854117,3.502390465924741,1.4671157393321244,1.2731536518509114,3
2.886063076687056,0.5833296517650819,14.109078038106542,0.8060573711517363,7.285596080811562,1.1460455338492948,-3.0965910697579395,-9.633159602521804,0.5530440737930988,-3.3941166967171608,0.26362986626403107,-0.6887862880848983,0.7186557685737843,1.7153627305905526,7.139522570995859,6.450576406493845,3
4.231556003626455,17.237784778450425,2.9953239009979136,1.8867746447935199,1.520937592161785,2.4774029556140738,-3.2547644472817483,0.8900542786139973,0.6358137777318279,-4.817237533174275,-4.334515445193449,-5.876622539947503,-1.019656568656018,-1.7024196979658008,-0.7420816071238817,-5.22513679494601,2
10.276695608045273,19.86160682596329,-2.4099904891483526,5.218081550171732,1.1761143645298608,0.20012888680335197,6.344962073271661,-1.3752427067904465,7.709885788574406,11.297420411928385,-3.3383461695841135,-0.16756947936648206,3.5490625934439364,1.6168200923013487,-9.702334769718485,-4.928662694116706,2
2.7470354791135803,-1.8486346186242313,4.4717685554366,-0.408115681706283,-8.568078885024915,-4.422089004194994,-3.3361647839690827,4.219670575490555,-7.561707487036084,8.732875839865406,-4.173752339689113,-2.1519071415564452,-5.6521748466142245,6.516070077906018,-2.9589407523107365,0.9793075390527872,0
-5.984660810995236,0.9035792743873755,-0.460799142996255,4.07679155584765,1.150058291500094,-0.7086340072225435,0.7711218775152411,-1.4858755571992104,-2.4073422605608803,-0.9722785043099308,-5.64641320407824,-1.8804053318683542,-0.4016913123000867,6.357534593068339,-3.7409378095336523,-0.02542485082276204,0
6.591329615471381,4.376040025009361,15.695899477741504,-4.329829277630557,0.7964335011856004,1.4447726813166006,2.2838496737098475,1.0372805513055303,1.9775691983539636,-9.685444297746358,-6.192841083868778,0.23144334710155254,-6.474308106202409,-0.7019139076277511,4.717138824939181,3.113928875084755,3
-2.872482963058745,3.647397884786543,5.257191089601387,2.418847723894973,0.7787781062574155,4.253421278323123,0.9766474702406274,-3.2752914410839993,6.157303633171508,2.4464079697949535,9.551196505787361,7.761454294295185,-3.036230975695704,3.5332879590778474,5.797803279693514,6.462516747313929,0
11.00155567247018,4.759993450713145,16.111639098974386,10.391392940311759,2.730222135051914,1.001645578789482,1.537698071156774,0.24316261329280084,3.151519328086449,-0.5891915308857054,2.1228801648170066,9.894966638439383,-2.214518595130811,-4.869342434581609,-0.014952010929610828,-6.709084027978723,3
7.529891595776901,15.64809492786299,-0.028165603626915683,-0.3499629939474063,0.4589615993727063,-5.625300602722491,1.164538750495184,-5.778080753819572,-11.117219663749625,-1.0565633434871617,6.628219239065829,2.7586073412046543,1.7011117177974493,-2.713671827234607,0.09988023137402126,7.986703616831795,2
8.698317258006384,22.94086707493176,3.080356128641739,5.561667757956524,-0.4224082854576949,-1.755019409212703,-0.14582253005528123,-1.3253626199038595,0.048667140338854394,10.994875598645741,1.0356103465850857,3.566509660150663,1.6580132987661411,6.13378634710422,-2.786351081265073,-2.16965004134468,2
4.353143070639818,-4.099915068607292,-1.179997067864164,-4.881449129569653,1.4372184922902378,-6.053524674049383,-1.8088837869887269,-0.04949127006665809,-3.733997911266324,-6.749548042970116,-3.1710955141721353,6.377595145100599,-1.7101918759052983,0.38520307479979193,8.75388418368221,3.5214384538280914,0
14.083085529878083,17.032001383428582,-6.511171611039861,-2.9938091893537466,1.4525914559201956,-3.5274315829224645,-2.055886018493244,3.7217717682267066,-2.9753270905837477,5.909371244646776,-0.7733840701653154,-0.4906400068780501,1.0344332803314253,-0.5108676847332457,0.27840492234226655,-5.199863575699536,2
15.596999041028301,2.9205942762480417,20.25070365859991,2.5551829688367538,6.091678588752936,-4.670655577499808,-2.7719142892791813,3.4521247277731906,-3.260293773542135,-0.04495431945351913,6.249574912480377,3.00174621953215,-5.0429370148631225,1.0937585509089438,2.3524185852208404,3.5752086309462636,3
11.297636886997836,18.72510716310437,1.9677671643179127,2.594286043495401,1.7144143159180387,0.13784587143478239,6.131960960724442,-0.6506074364063342,-2.495116072332403,4.428432834956546,-8.319525628245376,-1.4234392345733853,0.7667704634902583,6.592257075253028,8.816017774766449,-4.271266167308821,2
9.404003685847147,17.789478177047272,4.0811932224293646,-3.4250471131046236,-11.02818161926688,-3.267908309838232,0.25053931662493034,-1.3623087062427301,-2.0763323813177332,-0.8055560286115916,-4.199217216704293,-1.0279625222079902,0.5937997947792296,-5.457005010354239,-1.8665275996139365,1.9061637584216018,2
6.773203219370418,3.1367114644897485,-0.2178481774824359,8.437592682888411,-0.1339232044850883,1.141132904094541,-3.9678866720945205,3.003416933030102,-0.550101236423794,-8.723797339012359,-1.4535184159604781,-9.399648451966677,0.8323208799124364,-2.1208924062421444,2.9215507374926064,1.5861340189122626,0
14.143287537724277,10.551580313023688,21.838927358286725,-2.8301268526451624,-3.8163549910224663,-7.124465113059388,-1.5253876852027588,-4.320765605351671,-6.576644305335172,-3.013232071031732,2.7625627718280197,1.0631755967352665,1.5109285481188628,2.7007956704812006,4.436631358364181,2.564309380356441,3
19.713688456827107,13.070052715051213,-8.031707948702932,0.2991063653623327,1.9086551484509946,5.126206321921354,7.788831419244915,-3.358385002150147,10.148040102281364,0.4993486151188183,1.144677019431289,-3.609023938980062,3.2696300487546983,5.246652096420508,-3.0198192633555436,-2.7560389896848947,1
22.939099550164975,3.435510817928372,-0.6631758831901662,-6.00596417735467,3.1916369906401454,-10.066969633943886,-1.6235442847300812,3.32362833826093,5.659212053736411,4.151937124262514,5.891807137475009,-7.225580745331717,2.213644131901296,5.55546783655262,6.814666635405473,3.161854288546294,1
-0.5237022752691156,-1.9941972782831177,8.722713629065536,-2.9089320597807307,0.603545839153255,-5.78455804290418,5.113407813146653,0.9679945626014486,4.137340061100285,5.714211005925208,-7.152561287549219,0.7383511245782022,0.5189308014378435,0.03406701819149267,-5.560142730681865,3.8005786316696892,0
12.86927347794288,4.44408172110297,-5.685761610712768,2.2835396908443366,4.874904623500579,-3.2817250792897967,3.8702676832948,-4.602008824305808,-0.6221713960563002,8.508565696053394,-1.5349545606209771,-7.736660994867674,-1.817206281966092,-3.5009921889912157,-5.173076427061761,3.1186918173850797,1
16.64717590727805,20.031415421841935,1.9704637347011547,-1.0349269550125606,-3.2758352413510874,-3.78296748716696,0.8027644022648446,-0.9991262927520275,-8.749805349702346,3.135693310951334,5.136161995964804,2.918865826374416,1.2897478482040632,-5.849818789347761,0.4852228826170472,-7.875155404966765,2
26.4856490919188,-9.158577519398733,4.650032224745534,5.441866914081565,-5.073988796825958,12.228370658303083,12.594514040251992,-1.380707276532571,2.5625198107041287,0.16008158126772692,0.10166859119552255,-2.833964286237554,-1.8761354703871624,-1.4105327186516725,-1.1987647605011904,1.9057744186895718,1
8.581939347283223,0.7079306221174546,17.215834470614343,-0.8103872370759438,-11.207253196373351,-3.4575446381167194,3.960943848484165,-0.524501049487416,-4.501367996700384,-5.437883413126787,-5.614425472833878,-0.014577525475475701,5.486233330491147,-3.8870828661163785,2.5245052011771203,-4.81653555372642,3
1.8463146007859197,3.837885706650968,1.9415437814890435,-0.6886369912150592,5.007916683712647,-2.9062098957984737,6.32781354574635,-5.972998366419888,-8.662832641903284,-1.9406396206010232,-3.683445786470393,0.40304963960150875,-2.7298666228512904,-0.8676956497180031,-7.9305434117289515,-5.773973390829298,0
2.592072213810717,-5.394142051915451,-10.999625172471108,3.744389930799437,-2.4532615099766697,2.005007812103901,2.7831189511059304,-0.8882759688412649,-1.335139207263513,0.760294603069519,-0.31297874211872706,-2.3997404964877442,-2.518046526505807,-9.326709573530186,-2.9700174174959906,1.908210338327252,0
14.605600376584546,7.929369180078124,18.924260295636376,-2.278391816094176,1.129234877699077,7.723002460514716,3.9753485933852604,-6.187941251738705,-5.283025204702998,2.76154615799879,1.5524538083595991,-1.5433328904687702,-6.069569834671485,-1.8228601865926446,-4.133164847558873,7.2490893700295915,3
8.886062695219703,11.835846795155447,-8.014310540959645,-3.5618439135341906,-1.4094205260433794,1.1442720590314384,-4.359530275215891,8.580298462146464,-1.6583481986796746,4.150628429393851,1.7524502281357428,6.634971879390778,0.23235783057946602,-2.5019221706936805,2.996259478154886,0.7581605749692806,2
-0.844807223639245,10.982865469551307,-4.234085260686142,2.7626024301144883,3.310320006351696,4.378130496177257,1.166377268680239,-0.3333371214336828,-0.7995960816047062,-3.7743459836835185,-0.7032920339829964,-1.5379273225575716,3.684286306692381,-0.4167627515509994,2.2863642471260732,-7.894001235503001,0
15.889173646177,7.174999100147625,2.976586027672072,0.16010076811600024,-7.3846572700636415,0.6220677450249601,-0.6617203333326643,-2.2645726145463563,2.884675885441787,-1.9724188454099105,-0.32616603383885834,-2.9548307799267928,-3.5090958316023944,-0.9033172640287738,1.0211355929873247,0.371580558446681,1
9.836376958172778,7.408161820036167,13.047153024352944,5.811594820476756,6.45941132832594,0.9663362501509944,-0.5833816893270408,-1.8703146418317957,0.7919378141308374,-7.236086034452927,-4.647809298219483,-1.8051028550963741,3.06904669630117,6.626654922285461,0.3885158091480368,1.4693422777340364,3
20.358486132579923,22.322593617099546,1.4704692980610239,1.2950437365473375,-2.140767775406706,-7.462472381610966,-1.2911736489969747,4.676587838055786,0.8186982471439279,2.6294742520568106,11.571874688444543,-4.197732762922145,-2.301029311225356,1.959554269284341,2.5616683714818698,-1.9309071282149455,2
14.698390192252685,5.292436796755498,17.578495133614826,-1.6675823141238513,3.263002579630882,1.914557594803761,-1.4266057919871442,-6.215228956158671,-0.9698477748434341,-5.214043003377046,-2.5022145269827556,-5.842244923530367,8.004242546906864,1.3688663022520318,-3.7575808181923622,5.11389405883325,3
16.179835015323214,23.946225452404203,-1.7006846390925439,-0.5030328571185315,-0.181933468893891,-3.7768981054677955,0.8725915987256578,-0.4759202894182693,0.7512082231500253,-5.263990089437608,2.930132780095538,-3.2896934372400946,-2.0340231095860197,1.9364946249966026,4.692070012610864,4.646353866244542,2
-2.0810920896095992,6.5684661866698235,-2.065655612507155,4.486753690918705,5.174313320991291,0.14211706261216273,4.841238478551168,-0.18160710945310335,6.529792788905797,-0.5734979567084394,-1.8958228627508027,-8.511008633181223,-1.2373390315021862,-6.186260607152782,-2.312483805918289,2.505943576347513,0
12.883870252699674,4.522723070753867,7.838633844197223,-8.234492912990614,1.5528287687392972,-4.842901798276432,0.9153207965316957,3.5586119489830357,-1.5790439335447048,-4.226365650619812,1.660673485759384,-3.7613008916104844,4.915823627299571,-0.261609514348721,5.529032991975356,-2.9678249246944586,1
3.760145067087038,-6.713562835186566,0.5510730541253641,-1.3654539962663441,1.5148035981928587,1.4901347927364301,7.665108678698426,-1.8452224188844677,2.3172096064614642,4.665840525761196,-4.824156119294518,1.9561885241482257,0.39095650167027424,1.6664419974286515,6.897785115227862,-2.2887533445294155,0
19.217491852722205,6.086427288765697,3.084636535735188,5.941520220803418,-4.259774055820944,3.793216230493364,-1.4310458224290747,-0.19381885726978398,1.3687964656735832,3.5376332887889306,3.348507371880785,-2.090075572769804,-0.040227838203340596,-0.455670151417864,4.556948258436311,0.6774894368894155,1
-0.8869988381334697,-6.225449695278898,3.3770684604075307,-0.03875718773932809,5.453464410028354,14.209786052607672,-4.6666936072186225,0.59540854588257,-3.4530701186466115,-2.5213192436555083,6.88437006552227,0.8402902028307296,1.6750416658826521,2.478861161411184,5.753841019559832,-4.454629168475387,0
22.669989742232193,-0.15576508310997092,-1.5972385613518276,0.20619297814843635,9.549315737773949,3.352382556296445,3.9491780392066955,2.6450391966658917,1.6104605522893698,4.570477658895495,-2.009909239205427,5.383372758041509,-0.5052017329009661,-1.2135599475492123,-1.6155824082616457,1.9354592336029395,1
2.8617676426705123,3.949404341693092,-8.098592023818389,1.2912605592123736,-1.0228421425461542,-11.281299772703665,0.9458950649660475,2.161078080335562,2.0955664109445613,0.5391451970077353,2.6279423109540065,4.644115140781059,0.048009058787774665,-1.2627384050054171,-3.242657667393941,2.8962803282883787,0
4.4462358620280735,7.195511502638814,9.185470250302588,3.5582103960044056,4.251507867604167,-5.0202635791922035,-3.60245281930414,-2.7672662245125754,2.4552130439696205,15.316988403322693,-8.701716927326055,-6.38128294564569,2.1231561839694386,0.5400997400593984,-2.8320245678336247,-4.227827484444329,0
11.657478709936832,-0.6599745979263094,12.596012218838657,-2.2237887414088053,-0.0872978211216432,1.2496420529781394,-5.383210320362364,3.9780549343622487,7.305175265838711,6.264924429059206,-3.885126528829984,3.1249516857259794,9.310914078101158,4.001367580577189,0.09917503443371882,5.899118796624167,3
21.786568309123115,6.461303530814425,-3.744428815488514,-0.9947925948758644,-1.0034719078209864,-1.6408769053330812,3.4335348277102673,7.7347435235971975,4.015927133351761,0.2617892048000654,-4.606888698901778,1.8112762041221775,4.630590019987195,-3.768954543884022,5.846067551981292,-1.241217139518806,1
0.10841263347986896,21.222964060373922,-4.8047675930564635,9.322748658657403,5.107928910577906,-1.594686664888435,5.794106280491181,0.08627866604916203,-2.1811487708692368,6.797408085047606,12.743772314288728,-5.947129860095595,-4.183499863503162,-0.13564830348019277,3.0394820998265204,5.453796135818041,2
23.363004309492407,1.1210617180254883,-4.6579801191330805,1.0104753209489474,-2.963249857704422,-0.004356179379450997,0.11346826028802273,2.5829044016946265,1.531587626954867,1.2855959359540778,-5.5399231635436434,-0.9647108374941818,-5.796108375161285,-0.47831832824350234,-6.9135153455490235,-0.48254618502629026,1
10.15156491287099,23.409796662419176,-0.17171797438479935,-2.0924223577631618,0.6115441814675233,0.13532328718816392,6.280086086782323,-4.756676495771157,9.8407093708618,-3.911137452166464,0.28101145444281583,1.0482451417630325,3.7640533856679568,-4.647336190315833,-1.476500008973409,-6.810593245839215,2
22.410958462187374,5.023141691111695,0.3158364031957949,4.051184705981976,1.4736445077479103,-3.308611640542777,1.3895384084348037,-0.008757020060289136,-2.1449829120470354,4.550788927943784,-1.952332353050231,-12.873707709848821,0.24529952878635353,-7.787817013830093,-3.8939169403424607,0.664200381416647,1
17.160635683850227,8.839291499372369,18.17480506476299,4.40679579284288,-0.9255862943209087,-5.2461115507675276,-0.14488886893038624,0.10696947841010178,-7.066298768987278,-2.7372867739018774,1.41850702556813,2.4398174229557097,-2.4633139470302394,-4.2244412831441345,12.997998513039178,-3.410577351420976,3
15.832531841033187,5.694134279729709,13.082402838023155,-3.5095074753792264,2.9062268422898465,0.2444816856070312,2.9549359060584908,-1.897321797850035,-4.109823898941329,0.9670680364363977,3.3500745910272256,2.3821408736954592,-10.830454007131166,5.092429282816827,-1.871074219284221,5.275165296990586,3
26.29707011083729,-1.468419022123611,0.5015305425733941,0.8323725297816854,6.3153972357595425,-2.4902086434962367,-2.784544729100315,1.7799827041713854,-1.6962615962298335,4.622622499642542,-1.9045560970075188,-6.0733772541787845,1.3476325416087571,0.48529837858313396,8.194609667932657,3.7246354338682863,1
-0.4060204424885828,3.7925196063504805,-6.853695597923314,-6.9895363992636845,-11.365145453531538,-6.974035144996558,-4.973168394948893,-6.043591859978549,5.705540832715533,-6.0208119176469825,-2.8320093835649125,-1.8624935079566103,-2.9001781107312876,-4.539874091468487,0.03392581341264914,1.181662988844887,0
7.09472112006211,3.229113813452513,4.07311105882378,-3.3913899862388264,2.4796496135573856,5.037954072331533,4.119465438514776,1.6471289636670485,0.9928659072661257,-11.734596833532091,1.7132979770914494,4.663218806191176,-2.703559198757063,-3.6631905711601376,-3.0027609514824616,-8.924460244764699,0
11.576159719867007,17.230505203993424,1.01418503558766,4.900371861008227,1.3806612333412849,5.926790080108436,4.774692509805859,-5.094025248578124,1.587110315780608,-2.909458383867019,0.5036673467667523,4.116199904918926,6.386003601189386,1.8477265327922177,3.7326270242475443,-5.161384729757066,2
12.610403788311125,17.341548035161903,-3.298299382762809,-0.6812130241229436,1.1148048870420841,7.171470429140953,2.981010812614984,0.8189925844208977,-0.1561750277597428,2.121277520703209,2.5823823404754394,2.6469240128095723,-9.959768529460666,0.9541950086146372,3.3332034185792336,-3.5852708573526235,2
3.4675016825466094,-4.747967856901264,-0.8836024862019783,14.263214259884958,3.2892870803521146,-5.437531661639562,-1.2700701669612613,-5.564428441437672,3.881328528024562,0.10381961609355128,4.85639515286494,-1.8567894473174662,2.082135762050996,-7.3672594026165195,2.5507402704456954,-1.7363153193450924,0
24.43460448173919,0.2730095693588758,3.957127483176543,-7.04662153072738,-1.2596336353657887,3.8402551137039014,-1.2792340842669625,1.5201442160555627,7.434452175298145,-3.6263971823950003,-1.900907123996017,5.099415283807692,-0.4830705321674104,-13.788690510448799,6.37894084313394,-1.5850615189146304,1
6.709840829518894,0.5350351614211624,17.99282596345313,2.3383525467927946,-6.93079977590286,1.3597337234995788,5.756084421942228,0.2287794429174692,1.8097818479832695,4.61104369997355,-1.796615870382681,-2.164482448030923,5.989835023359839,0.4778599359351797,1.9961102707826464,-2.863094486282452,3
15.722757735101528,11.462265921408427,6.157445104807049,1.8057991912827631,-0.24932286589971178,1.1376039621047047,1.5953453693793955,-0.2854335322952256,2.3148072841860423,-1.1762326972516606,-2.0739623648045513,-0.049380802077388916,6.371973946359393,7.105513455150116,-8.539993188564424,4.482651126319267,2
10.012532586033348,4.640643586476767,13.420820223244526,1.6930125715510087,6.359598748627923,-0.7244157196800479,-5.725088714184901,-1.1992063711785317,0.3300804736853543,3.078559147161922,0.5338121949171147,1.3187125350235018,11.950350147902052,-2.6369321923324525,-1.0349727626693366,2.2768234955304756,3
6.729421382151889,13.30504161177905,13.046671759538429,7.324269051229318,-4.618177471051797,-8.387107594147766,4.237188308604699,-9.64923437126424,11.04978253261962,7.8150981128493395,2.0179340568630555,3.5479155236822892,-2.474974239528853,-1.3094788893842508,0.11186398800358316,-0.28546815131176684,3
13.012668701254317,4.404809059174418,22.390739375395405,6.255800352647294,-10.03949697268915,3.0274571342923626,-4.016237569931544,6.571306206722826,-5.916413098954084,0.46177060969688954,4.624206995020791,-2.6026988620591456,-4.999567427419295,0.5653437150057145,-1.8566203961271444,3.04018268452946,3
20.687598828796055,-6.311091353272647,-1.7516982116657729,1.6963049024956551,-4.0282254564431295,7.885051523066296,-2.7715442732967133,-0.31281002343095193,4.076112808689317,0.3642537101825269,1.5762110089407542,2.5090685541434103,0.6141719675912568,3.465538439406146,5.0968051671424135,-3.1909678462483018,1
14.405244711557113,-1.707279350238824,8.83101295140822,-5.194415271735926,-5.447730469192705,3.1985036564185316,3.381806302623805,-6.20169883933968,2.52587095732816,-7.417344866909648,2.3252221514882994,-3.7836267325527926,9.281488453935156,-6.1041821730573655,-2.5358339457536863,-5.0546705475939415,1
16.86630627846693,9.54653642679065,-0.2761601832006918,-3.9640640920100587,4.145614038829947,4.39370729794895,1.3918867791113148,1.6232986295796472,-4.166445144644411,-1.6129193489034641,-6.047868994711504,-0.24007109285708533,1.845255417402298,10.005937227376847,1.5231410029668544,-2.459866930785893,1
11.877086612240152,7.477348310530687,-5.367470004651117,4.013138331196167,3.4393563934513716,5.915826351763576,-5.635661195194285,-5.229536806066241,-0.5479342147361961,-2.5944182580276514,-5.216692296825234,-3.713641556951127,9.567381895005422,5.67280839314987,1.935884806292645,-5.0919898209785925,2
4.346478515403831,13.533745250291418,-2.0037484196683013,3.5371919647026537,0.4503265475754409,-3.112236456828973,-1.6686854365654786,0.7936367882470321,3.626520981841683,1.448156347580082,2.89187976577991,3.3128939974371447,3.1999984161434836,-3.442286393367515,-3.953972472218571,3.3485912493857484,2
10.661050063739866,-2.3681470222784604,11.066919351288817,2.490552914341941,-4.657697980319441,0.02932609765783696,-2.312059665963398,0.01868700188266123,1.5580015753839467,-3.4132535174660723,4.728233059102183,-1.0330018723258436,-1.2742543093616454,0.888518344741058,-3.415364038305596,3.245714352405434,3
8.690784359119297,10.961826544997331,4.9247611394698465,0.7513006686992886,-4.391876720386588,2.9944925256406485,-0.6975461498772867,-6.2249997489907125,-0.36765845615535203,2.1141102827410396,-2.4636948978947615,1.4263830471677674,8.737621597315558,-3.1229967747683895,-6.544317466429264,3.4657022475747783,2
4.458316737049616,17.854910203068044,-0.6125744095528093,-1.4584307423934735,-3.2523173781047534,-7.8871390331045355,8.697113503035155,1.9846509813524997,2.417539513857837,1.25778997046053,4.02564941162794,8.138422073404211,6.962510434200285,-7.688317789764323,4.84294514530817,-4.491800833748123,2
5.230765111787282,5.268324601830258,3.7002629636944153,3.231371602832561,-1.6179209457956585,5.864582579655163,-2.6773773770912865,0.40696070812884244,3.2481894476357827,-8.166024764649592,-2.6326863126192617,6.223229186856589,7.092273022249667,2.027150763493309,-5.682609852491677,1.5153027770645493,0
7.0138170113795075,-9.40126178726103,2.703839260913533,3.418673060828086,0.38852658279488694,-3.9911129576494475,2.9512017550177365,0.09306217816355243,0.6505811684271865,-6.412537240659729,-3.357899067635297,-2.109323772418092,3.043320383482203,5.70384463697608,-1.8343274836893395,5.28243971077538,0
21.381872029793936,0.08009044134430193,0.654095179761776,4.1445283213143,10.433287059956129,9.316733498435104,6.105305747915114,-10.65207426988654,-1.836212104889698,0.6034947876689236,3.436680131210618,-0.6783256154189874,1.304430998131725,1.4252976014912695,1.9425290360423701,1.245429175421418,1
19.9609763343989,1.854533261253674,0.9696619486239738,3.4585297461703153,-5.951810684346385,11.496133325428984,10.009184387678157,0.26650538926653194,4.9726380964966665,6.719755394971858,-4.989640311373478,-2.6556837769194086,-1.6156821686746055,-5.570463909379146,-0.30084707707291625,-2.756714401198685,1
12.645050267812977,14.17299041719374,4.892271753931432,7.478520640760004,-3.3281775138675145,-1.3252489330071526,11.495957690468977,5.624305745764041,-1.6084185744746133,-3.2826525140879235,-2.2420023804849043,0.2647853278060565,-6.3863113480252185,-1.57562510768116,1.8248268343323477,-4.726054784266247,2
2.217526238912639,-2.7227828322857817,-6.610048605458187,-3.696351279504368,-2.9598320802975597,-5.319824330042473,2.0072251526661633,-1.7419333020882672,-1.8825996362483661,-0.9959186154295022,-1.6048770716446636,1.333087242005352,-1.0904658198626447,-7.70979369837833,0.5076498254967882,1.1760183511231372,0
11.54544008715518,2.3766911775662205,11.582815340019456,-2.2786711685271337,0.7174481593698301,-3.732875419458696,-2.7196850106214905,-0.6125106376728823,1.1375247640146786,-5.334890963886169,-7.025467003767834,3.914719500886189,1.8026048144211269,-2.5785566940460622,-3.6883504613523987,-3.6226458761516738,3
7.236000639110339,15.489339294867946,1.733145496019801,-11.445069439519084,8.28680044209787,-0.10397192872947467,-0.014030494983221184,-5.62566525673831,0.807596284756562,-0.9964109738093123,-3.664606621528074,-6.56243118390279,-3.980479291560937,6.515120133257146,5.3577711890972495,-2.1188513004010834,2
16.416511079367403,0.3085800395765975,5.637190961440681,1.0543230414759412,-1.8644667428743278,-1.3288227909613917,4.305123439555519,-2.3539605771105805,6.118107234253286,-7.4097467558399135,-5.731028983008339,-0.9953007627617623,-0.7717683976536949,0.39510560109589016,-0.45800980633164906,10.102081997076905,1
14.507947031525973,10.038700484809171,16.67342218994073,0.005005991811394,-2.6067515503129743,-6.836234563817446,-4.515886120060532,7.045791072846888,0.993333311677965,2.521471998032639,-2.1471169556237157,3.809326508004911,0.06334544177926807,5.5158861515240645,0.7252955567381202,2.884133629811729,3
12.364773849431689,-0.6111074793988882,22.562644256043328,5.595881374001353,-0.041124422760798834,-2.20545790820832,-6.802624578056871,-0.15749357548099477,0.8202702100941561,6.1743075182671445,-0.9249024264646597,-9.114673735182306,-1.2622955899865078,1.381229275591648,1.5428852328654334,-1.8014538124888582,3
14.345670009758152,10.360381236366798,16.24776172029536,4.591228233330478,-3.8568664701418083,-0.03920373745091035,4.520808297219454,3.1130446039747435,-1.3099214650302236,11.613663487449491,0.939424772900813,0.39851659439422493,0.13010950797000073,-4.964745904819035,1.0573315716848812,5.098488242989573,3
2.8314274872299876,15.158153795709826,1.226810947908393,2.415734007583258,-1.7377260298145494,1.0646104370310197,4.341310573410971,4.23161974433227,4.10636452219863,-3.8902399807553456,-3.3081974020380476,-0.056821563046714076,7.733434444197381,2.182475436335433,-2.784562735454309,0.09083023149275994,2
-2.723944325058665,9.688002130627705,4.907126503794169,-0.6396043547203591,-2.7391160146325064,-1.5465664327180524,2.229577927751567,6.678816889940286,-5.395260510509097,-11.75786027182026,0.7240783421661336,3.81428359088223,12.59663103915435,3.737851213878248,1.8679973572051878,4.5201250607462615,0
19.702761856377876,-1.4885129657233624,0.6690383346198868,3.9865842196857915,-0.6645422709747165,-10.394657452754505,0.355759576310029,1.5432752476177862,-3.232094750031878,-1.6155298386613381,4.195323806316168,-3.630199127343304,11.651150321071691,12.155243990383127,3.4431630661621004,2.5898701837642015,1
21.713362869314835,1.471878744508104,8.638521090293048,3.349325114577612,-5.08003121993424,-1.1954735045139098,-1.913686318366785,7.44444244402782,-1.4991740177758113,-3.0539313450581043,-2.9706573300094883,-0.8978999321583544,-1.0413482634094984,0.4758749003017678,-2.3721559221628157,2.22246909983022,1
2.48502269131488,11.17584425412442,0.9348477838697561,0.6152588103113508,1.1944588120601451,7.083999780961827,-5.775201557798117,5.164358340305231,-4.422723729948777,1.4979051757289885,-0.7346615878968734,-1.282032351880369,1.633552690371853,2.88988738599343,0.27685795106646516,-3.385285919487233,2
22.657509605732066,-5.741422317373096,0.9975419148072535,-3.6875253103641144,4.308991323338425,-0.4589870973425144,-4.888594024447909,0.5402272020600125,-3.788709985407463,4.808756503381422,2.3102211200537734,1.2899072183401192,-2.1929805846251575,4.119632049221012,-4.025676162593807,-0.5629861951977947,1
11.892231681476748,2.544141149653811,18.532654560722797,-1.0234698424131454,5.229953982654992,3.5115501740346406,1.987164048927183,-2.3639765164326634,-7.6176453879399615,3.646732362503482,-2.8605899951764804,2.9770704779946153,0.6462871361473328,-6.818640478706403,-5.944881279627979,-0.2941074445011139,3
22.44650835379433,2.9920331693056417,-8.392296513508098,-8.784849560132056,-7.748436522241033,-3.6774387220726927,4.401419351306754,3.753195444618222,-3.207559816922701,-5.595018452891501,-2.6739134504885724,-5.810904036531976,-2.8249499244727136,-4.622133912112129,-4.724204590114034,1.139952319124775,1
3.7897186102408646,13.476065713370192,13.23164499057247,5.944027022773468,1.0272145083145139,2.390628687568706,-0.7614223632534599,-4.662304464038715,-1.9534678343367826,4.297625706255743,0.06979085002477053,-6.05162692972483,1.2719066918881283,0.13443110158938676,4.182967239748033,0.27644017136946,3
8.307670261225816,17.072894790615607,3.6394422255225076,1.2149348467300352,-4.596577316682596,0.2415205244164232,0.3117107391879041,0.6157276086391278,-3.569954801390205,-8.831476443783538,-3.758128470735718,-1.1572347197990587,-2.064412007286765,3.0939997974031304,4.803453319048736,-0.12679245761348007,2
-6.683243346762853,6.732079612070349,0.18134344776383363,0.6244576545101777,1.9788285243953196,2.3778085873309758,3.700600463911827,-3.3158482361221977,-4.931158927361291,0.7386308472769394,0.9407441866273324,-2.7377834729724957,-3.195048516230135,-9.82726447318745,7.294698027000949,6.559936192411044,0
6.711201917076999,4.694625189464999,16.958176146066208,2.885138847786391,-0.40309365455306584,3.3312867823506878,-6.929434898822832,-10.819488222973657,3.207163952816254,-5.218630055502462,-5.631645136472319,7.928197419115689,0.029446276901870592,-0.09327266328810921,-2.9212027909938696,2.365430153868597,3
14.548536666470461,20.795113170496816,0.6970444319565821,-2.3785538949663034,-0.8827276457189375,-0.27050788262034503,-0.8093246356056691,0.7714891893679429,6.253461132986818,-5.789652017593837,-0.348854866388955,2.7795262624691643,6.8005691478013865,2.698017848869352,6.864515413567249,-1.1544972592401401,2
17.18666680548972,-5.83554614055594,1.0945681849358544,7.453085632634758,5.273250936219193,2.3154218171709218,3.589946772731975,8.938842453566078,-3.956939298538084,-0.488599488258888,-1.3913809351995885,-1.009297091417683,7.822893148370643,5.907367293860605,0.8191305203959784,2.831558433166011,1
11.11914763144721,16.60013248172114,8.918756224070846,-4.216588111385556,1.039280443903745,0.8659509137491688,2.3380551363637285,-1.3677729819786557,-4.971707261527896,9.267131937247509,2.157272818367613,-2.7600924354430614,-4.970068419726009,4.8034933793763175,5.484478545098045,0.38002270234702534,2
12.463507812436797,-2.8699834840872906,9.934583180086047,-2.1160768257593108,-5.177500217887072,-3.1770563625812396,10.63902682272942,-0.8264441832577485,-5.1009976918057855,3.2495182565219474,-3.8588637645266104,5.396142674558398,1.2976083720746614,-3.6522702630342625,-2.290422352629718,3.295824942958653,3
9.959519181739159,7.36416210889127,11.589243316267435,-1.4020995781330818,-2.044838722917265,-0.6276697565075109,-4.9986158895852455,2.6901565230395414,-5.122957905349582,2.7324122825928807,-1.26882020658373,-2.9695952920744997,1.817340548469053,-3.690912485247828,5.053528996408509,-3.6585936739191434,3
8.423389844212215,15.923251868457378,4.46782423354085,-1.4088228529896278,-3.4097697374102776,3.816453406945735,-2.942757263290639,0.11171434504099466,-7.211515906701948,-1.3288256429247483,1.745175692863583,-2.607321721621159,-5.765576513906787,-2.6176760844138087,3.1423866509049567,-0.061130329775443235,2
3.164158410833269,2.7005123597635703,25.375648394861336,0.2227410917839731,-6.642221210699411,-0.09484869714421079,-11.236077612506016,8.887017789966764,-4.387963552750644,-2.9684260778436897,-5.415763704972505,-11.282258728555455,0.270510637575742,6.926206745688243,2.3310979389143416,-1.559384118558327,3
14.164153688158535,8.618523720726326,17.78230809862753,-0.9736238608506264,6.691313551035859,-5.865125515701097,10.541577461640369,-3.58234657959548,-2.743847240568005,6.900514002077876,5.450695500780073,0.006985074206979422,-1.0701602183002326,0.49363155239070944,-4.179435238897937,-3.386146778732521,3
26.475277380466427,-2.094753273743791,-0.6530118064528337,-1.9456959079872433,-1.3997659455821168,-0.17295984608389547,5.001085125704562,6.897069010061312,-0.10090232043628683,-0.2608881893554253,8.822523802837033,-5.877755630780572,-1.87565444212345,10.548865001749862,-6.556049362797651,4.166100088815748,1
20.031751478687525,6.105234733985176,13.57385920878785,-6.90826721044648,3.8798680140801616,0.44814841874707545,1.876077797223432,-6.8214189755148364,-7.784917424829702,-1.2723606914524332,3.474332957598082,-1.7595241799026915,-4.184259537042365,0.6302325239459718,4.392410820391669,-2.3780688617433414,3
-8.394873939359314,0.703197202587524,-0.930490167665626,-5.174119838574465,0.43550376215273423,6.010137236780853,6.271207005868839,-8.344502802141609,0.28263851111349036,-10.450940779695971,6.240550662087081,-3.5013262116843853,-0.7964410745246657,7.339411785148785,-0.5637051334981162,-0.05162638144425498,0
2.2247342677720536,9.358858908337089,1.4958859794318493,0.40391045045480783,-0.1432929550145015,-1.5354391867773571,12.379755281200932,4.354323937360048,0.6201906434802683,6.822577087410056,0.5202895243863944,6.523245771109744,6.346895433275734,3.2107631149703,6.9171436711967,-0.40736310790675984,0
28.35318220828467,3.078091884870736,-2.602817116849593,-3.3917813657932046,-7.287897297973134,-2.0323026631462655,-3.225719808905894,6.187384182507055,-3.157355891629123,-6.080918254513389,3.7353130653309443,3.920829116193986,-0.733439905766407,2.020068257313945,-8.797859057187468,-9.227781051786133,1
10.479586716552685,16.30201949753028,-0.3342567328254421,-0.6058261283180923,-0.5699200376196937,-10.136439520805345,-7.0465369434208185,-0.24824367978527995,2.201747569987932,-2.8438224830840304,4.136930838202064,0.5287979038828468,5.814068257275628,-9.142687668373734,3.6473960323138273,-3.8819248417032512,2
21.939782539540204,0.6560822118038352,-11.313671450851356,14.885850008715744,3.565751766474323,-1.5349881972708745,-2.9311248595083046,0.7831644447119243,0.8896320581455366,-10.221960209403848,1.0161188353543638,-0.8982533770596905,0.059159965339683186,0.2690221289997036,2.927346561047896,3.752937917421136,1
-0.5846693244843013,0.014755357325064214,3.516785950942452,8.851918111146752,8.624720598400806,-3.8515339522957546,4.021464969028109,-4.650194258347298,-1.2247365673942283,-7.397143409367454,-3.3094316409463844,-5.554939222875539,6.468476168533339,3.8762521550387725,2.4830812896469108,4.38423340694119,0
1.9869529845323166,3.176462133806906,-0.2141200231126454,-3.671422051723382,-0.3040283245170714,-1.17338375915367,0.2775410951626801,-9.44568131957679,0.3124314296152588,-5.900589280936205,-3.2809767131039487,-7.9982797145390565,-1.1911204809026024,8.423038276194621,0.39793832394784595,5.808112915931975,0
7.513202655965779,5.710890971289749,13.382353780533009,-9.37104030388245,6.632484636481182,-2.211496136416845,6.607427852656386,-6.516560176952254,-0.7456685917976279,4.6892370878236616,3.944838436796146,4.027395180993622,2.4952676456216647,6.774242254814244,-2.180137054721828,2.4941684768805725,3
10.502005878580214,23.700403725602552,-0.9966854698354992,-3.879922025795021,0.9911358235584589,-7.709029467675054,4.1341238914804315,0.908818136037219,-4.064147737461867,0.7928656140299435,8.128548631248476,0.13961618860126118,-7.485017533135835,3.2706072147435243,1.3859239033854327,-1.4790259899741467,2
-3.955930305627065,1.0918475488367587,2.4664208705366333,1.030947599242444,9.70768967095311,-0.6755751700295196,0.8843468952787299,-2.4444845140234848,7.409676481389197,-5.2324108602618535,1.0789585766771068,7.024066332305013,-2.1915596130695683,-8.317671155216859,8.118715050100766,-1.6895115744299734,0
22.411336963723734,-7.015183696368835,2.4388917979229823,2.761129224978855,7.299770976817796,2.047723092017434,-1.0672002374718117,9.234852246922916,2.020911847598833,4.704941124682217,6.011719430611954,-2.0484537589763185,7.603655311514826,3.8644386826158352,-1.7113975683735043,-3.013509337808105,1
5.069704859398486,14.89488212092352,17.050321513099632,1.9740525326479994,1.261960476815241,8.034242032592942,-0.9307448831525614,1.0622849541858255,6.176277676241165,-4.592283681767193,4.551114375792183,-4.286181482846074,-0.46025054089148865,1.3514203064414525,1.5815864502807977,-4.712796354725665,3
2.936375901509424,4.819534484747791,-0.5029809750168216,-0.7573881558171877,6.38010410185711,-2.5674305662822565,0.33546013989582896,3.0918261822205686,-1.0050648873538455,9.628314747311599,-0.829470288899986,-1.0073275940893345,-0.7084368332426694,3.9678106070034955,2.882756288548729,7.537333772617807,0
4.1878347122447925,24.5726718027217,-1.0198690648559166,-2.6967071738433965,-2.1630516357131593,0.22704408449570262,0.33811854843024947,1.7624337243092736,0.8822184188759216,-5.681651182770812,-6.6855038379018215,1.5645606589619252,-2.3901652012705425,7.9461832120880524,1.3216995650090064,1.4465562194334172,2
1.3021324293399184,6.815495568368381,8.292218278202634,5.0807333036772,3.1178611852784464,4.976743027326684,-2.5706674432789427,-1.0351886937858366,8.070090492341741,-0.9824526147129943,-4.902076657950646,4.745555707258916,2.4286163160141148,4.355370256902663,3.3224116885502184,-3.9235377334910404,0
-2.960121644482471,0.3854821799437217,3.991044140175301,0.03458628633342721,1.245002399245329,10.255243556162771,-2.1544683192339815,-6.51197036936044,-7.976675122927273,4.053492837401721,1.033783924314581,-3.885288821071181,-2.2448515458114966,5.09695720370144,6.8302329997774125,5.7590840337279054,0
16.183897600361867,11.626657729640538,9.225625445596146,-1.351647686817037,0.3521923754837242,-0.898715332715448,0.02437692126055836,-2.7937075052323395,-1.9638417809805946,7.036980321218367,1.5367344297023937,-8.951057223650123,-8.7363040615936,-4.6057312815746165,-1.763985817593212,-0.29027892168659825,3
2.7062004471013763,1.3825601469298354,-6.6547025971608935,2.3501144275991526,-3.2083784310269765,0.5741595224155343,-0.8803148838722832,-4.649190221598246,0.6006716015476455,-0.47998928681669556,-2.8075972098264144,3.8344342185973774,-3.0880128375989275,-3.0984596367644213,-4.202638742362923,12.560631777870025,0
0.5020681940676127,-2.8336138321785045,-6.240147245696135,1.4057726334756044,-0.9587736118961319,10.7215736744817,5.4469077501547885,-0.46807688611129344,-4.036004722694332,-5.769218013883179,5.209047991321882,-5.460830829507959,-4.3445734731521055,-7.666461428665802,2.227613948772917,-1.3267354298274938,0
3.882923193428157,13.294377935013088,10.600787705577584,-4.494055287628246,-1.7305264492691224,-1.3092954829758376,-1.6763135391423283,3.4585018385749784,0.3618361488601422,-2.16995078001338,-0.792289931194303,0.8033265273648087,7.675471426405042,3.385532103161424,1.1795852149470956,-1.7499038595386278,3
17.095328391822473,22.691141123435138,-4.7095172485342935,6.113135059613005,-2.84416511469051,10.41479630828729,4.125119640662957,-1.555298301316358,5.10279367580374,0.4371972152371461,0.20463499016100936,6.256289063443437,8.487440878788998,-6.472290085168517,-2.075064337223389,2.2597764373992404,2
7.753654682024639,20.479030756549882,0.9881809948587847,2.198482437182106,1.8210394495319229,4.973851274138669,-3.155173232587126,2.988468992676947,4.869069212288757,1.7053430666418572,-0.7700683946267554,2.429587424565523,2.043924615690865,-5.147434109221684,-3.8675658647508078,-4.571912176950242,2
0.3268413480147187,-0.1671101040384799,9.079726756227616,1.9404336461717453,1.897369599067705,2.6919870260747016,-1.5918577298217056,-5.96988627505592,3.147010830253074,2.2064786389991995,0.15902300507668268,0.6843659771333249,-6.449599562690245,-3.2021852522895853,-0.44635258049589094,2.1589072477066584,0
17.68330926219093,-3.6872105494195044,1.3562764416746107,-3.4330437443153725,-3.070422943011377,-5.53133481917954,-4.3573630430730335,3.5197088344382066,-0.19069813708653613,3.334411922291029,-7.071600077374146,-1.5077328287482077,-0.7033651871977369,-1.9476342558258968,1.5990874438987357,-2.104581780609255,1
1.6772399430385883,-10.49080753702576,-3.8970676493707144,-3.114229732505731,-3.6805351888172804,3.2854239628773376,13.405248134475274,-2.3452928130386304,-4.913575010085308,-3.2171689686300744,-10.811726855220538,0.13661934649233098,-0.08123176236300982,4.746330856703334,-4.693134907916454,-0.8789302408836597,0
9.665013296187269,4.05414392517617,-0.3592946599967137,8.054171412183726,-2.6254518499145987,2.177887494255157,-7.731943969267351,-3.648740491764547,-7.827041539366219,0.5102188360008849,5.401545609871745,-1.4311624051589769,0.6387723702946225,4.9796387476749455,-6.614585932329667,-6.043052239755579,1
4.712933599095513,17.064597303376527,1.4025368495646553,-7.737341598034652,7.715460725886972,0.8890358836038934,-2.499112992659677,0.30018590555708735,-6.87092067594471,-3.1538036626895565,2.743574060875525,-3.2408369946318936,-5.312390396875243,-1.0650500975478925,-3.1652741859975895,-3.358277106788185,2
17.450968758835117,6.157791714137032,1.02292609256627,2.6705415322297785,1.058032971478105,3.8726629302300526,2.867511460760145,0.9660040924785388,-3.8618116413364305,0.562558100517302,-4.125801405623969,4.237172350803585,7.25372093099276,3.97651204915759,8.358106154678708,-3.8015940467902825,1
8.15909846581366,13.087122921519164,-4.768412632339849,-3.655292836856755,-3.54656080823786,8.322614916634985,0.06748339294800243,-5.010203472076711,5.3219584759802006,0.37501217818696,1.5757899370221267,2.197636139579423,-1.8282535356682228,-2.9335636660276174,5.0693315615356545,3.887968253104896,2
9.557953933514064,8.100702105518062,14.329134829704286,3.016028111133652,-5.332217320660586,1.8659470527651556,6.3384212539336255,3.2949737888930786,7.360581943590287,3.092571722225153,2.9316964208050953,0.056828203028889114,11.420921394101986,-4.514448006770655,-4.666631278677615,-0.6372701647266067,3
8.303569673912795,12.575228104640097,12.089507004754001,-2.7493441704444477,-0.5004448310451413,-3.2305164529030375,2.173377126231689,2.4318857889996273,-0.12343371697831196,7.81816479918185,-1.8883470804833906,-2.3644924233690805,-3.7640065288119917,-6.336268593465779,-2.759351389183291,-1.1716076890833615,3
19.26151005044322,6.4945384235516395,0.3128664764360782,3.4425487108033668,7.794651209661637,-0.810933823145224,0.9104471895130638,-1.0092563136053754,-1.6834666563449305,0.2933504012785346,-5.72637090488352,9.565642936861199,-3.2230739816290908,-0.7505695088501371,-4.419855692241531,-1.9261776956035837,1
2.326040076777299,-1.945397954631924,6.074941346927754,4.153799268324001,-3.5596024798627246,8.720175107869116,4.161896493169675,-5.706005424909619,-0.00662322625565797,1.0569052807911894,1.1216969924849751,4.403038930092504,3.8949485291397674,-3.3415115204600143,-7.864269281925085,-0.7641574116732665,0
25.374444395543307,-2.9285238435231262,-6.700281979312848,-2.082376376883754,0.9981976766791661,2.7751011830884744,-1.731683839277306,-6.82445640927569,-10.455285877993283,3.3129819345910327,0.9486347685399705,-0.32634604743471857,-6.524220708373642,-2.5040887236217237,-0.7621078752286954,2.66943728782335,1
2.988480545630466,-0.6290239975668364,19.496253313402114,-3.543776655109661,0.31394525644660237,-0.04656452829904896,1.5041544768664186,-0.7375865415058301,7.7025311895348265,3.7787181241407786,-6.8876243089704134,3.0933063147973163,-0.9833699210642586,-0.6119612401511227,-5.8742788352596955,-5.416723096571633,3
10.841234122418461,12.429496472338576,2.6219857986274313,3.3934836954894942,-0.9659402894331888,0.09153607208387608,-9.5838000663292,-0.7913025078566877,-10.264145767375169,-1.2014656423519274,2.1124192637032397,-2.1225081849600755,-1.6312301124762851,6.362499344895194,4.221615511127281,-4.804559776521922,2
11.612387411113845,19.690290215929085,6.30114166815467,-2.737522013009449,-3.2115646563962335,1.516021277506297,-2.5665662191555754,0.7009303591242683,-0.30617313625038256,-3.5298964398335873,7.460916860464203,5.154830291905076,-4.807070073779225,-3.8334778500043876,5.688917918693544,-2.5946480284682156,2
0.3916632484115357,-0.3785913922542695,-4.495664124058761,0.45601916958402605,1.339167490236335,1.2589481951981405,-5.85464245030145,-0.47880316024405445,-3.022324203271972,-2.119256899650092,4.7740566413779595,0.9173019731033861,1.888359981999257,7.191872896989514,0.9700377300924393,8.313771972735324,0
10.39391422021143,17.918454361124763,0.03870751670486092,0.41812779207624545,-3.81376765111573,10.723920377423125,-3.9245574204566167,1.4869146759907768,-2.440659252601671,-1.4768083966884393,-3.7315298222386475,2.5763363225432037,1.6168466229623113,-2.3389014875970986,-1.89403911878354,3.8597140298384045,2
-8.060620520872801,-1.3809591557615126,-5.285967279026849,3.6221578460200083,4.247069770045637,-1.7001089111816527,6.589648745803591,-5.883505257181338,-1.639965719600128,-1.3296095315887775,-5.607183060115645,-3.2667868004137866,-7.662606246409818,1.4360403644376614,1.1660649941727905,-1.4477087393151402,0
7.389815612157696,-1.7974851666971006,5.557903680906991,-2.1698527098418703,6.527471482326163,-1.2315925755100259,-6.6219557182682784,5.77793854232862,0.7423139594596201,7.8973607318872014,1.6283903249389236,-0.048210396033424405,6.392856202695242,2.011664884507543,-5.859797533535293,-8.187613345429657,0
16.380646149551414,-4.248067957152681,-4.176491720514793,6.72099298586613,0.6294909664815121,6.429732791480814,-2.9906882997945763,5.470991150157721,-11.050307668307662,1.5716902181280559,1.959964361148842,9.001872976036601,-2.9868648018911275,0.031076911097702012,1.683930842822215,3.0764991589229025,1
14.892717454280444,5.552928777838213,8.556342796472485,-0.48847884529129504,4.096228085338287,-2.239858797164509,2.792507150203797,-1.1260747869000487,2.7234073813045123,-0.5403354192547614,-2.3662597406246944,1.9882734222053984,-1.609890591716873,2.860742567602206,-0.446647681148549,-4.422517778148501,3
11.39010443223105,11.284278483735381,14.130493509934642,-1.532944326796875,8.10898448615418,0.05906988158309372,-4.059509748315148,-1.25684133185172,5.093134688227625,3.0955767032086214,-4.847275636999556,-1.6542029111361611,-4.6191490900858705,-3.1289750810722223,-4.459358160346501,-0.24198690882346793,3
13.29398422468123,9.201140978907121,13.475798533506532,2.1394443977103883,2.314503046601521,-2.910673551486324,-1.408554474106054,3.820998833776594,-6.028790136370208,-7.256233765577683,-4.740617631277944,4.966560225126522,-7.022721668926165,1.529001704319235,3.6790505338469037,-1.2315227227762482,3
16.13192252366739,19.864395974779313,-3.1779069915992313,-3.163705476841703,-1.2271341424635773,1.7984240116590824,-1.0072973119502335,-4.563563369334804,-2.3657347168198513,7.429235982446044,1.118614346063004,0.8137813019405388,-7.471094112965949,4.704919176207031,-2.03669037238643,8.069319650305859,2
17.476582016398996,5.245323668720313,12.94608571341784,1.5718507589410091,-1.0235798412765529,-3.494868619719916,6.244385757026286,2.5052992563921714,-2.7602979382837676,1.0717913684774603,11.812687250017525,-3.8653406418532765,-5.348141992626571,-4.462771229153425,3.3826330147889436,-2.8293696824675187,3
-2.88593230106426,-0.867236490969409,4.14624041953805,-2.201151881147512,3.596792437752537,5.416003145847811,6.817102804033709,5.114368934757975,1.8539827571415188,-3.634625304554768,-2.3541263365878393,2.1473221057495158,2.098126461219415,5.746302303768536,-5.824426906514531,2.2838287843376306,0
2.9233821591809326,-1.4061495646843176,-1.2494917927305476,3.670880166284701,-4.510964443414858,4.071125899181825,-1.20321314545888,-0.5086175818441342,-2.3925305683874787,5.836538715504811,10.090595912311358,-3.217370507751128,-1.3350972726832688,-0.284071286442961,2.813296297066634,-10.997739885575992,0
-0.4603921029438198,1.2168496535745124,-0.6766486827889941,5.969182976579301,4.963527432435968,-7.423736671009524,1.4754771628644754,3.392505009386617,10.287099091935156,1.109773047268971,0.34528418317998355,4.961963936999873,5.88572636208917,-1.7276269804732942,-5.228482539913222,5.600580476633774,0
13.694612234905781,10.111420882026138,19.801853621219177,-4.789389317725536,2.252555785923346,-11.133396086836612,-0.9610401160292242,-0.17428099681993509,5.467569927336536,3.2383913783291547,-11.898228367092134,0.7928617811150012,2.029483521183639,5.492611657718156,-1.6763083177981606,-2.485743369679607,3
11.069287203536177,11.663419806535668,21.343777126012185,2.7049976500777224,-9.158613847247215,1.67619987444004,-1.948890743335022,1.4813688171711374,-5.393882646831342,1.9559571987865327,-4.627433285077625,-8.886181552952856,0.48185786106466955,-6.07458315791602,2.994701754319695,0.48740711879217286,3
23.88514076446266,0.10323289190851495,-2.1972976507638275,5.37674948480175,4.2087610156743835,5.340132199309351,1.9436313684822966,2.910868137417658,-9.667748424277516,6.267112170596419,-2.5339539734989405,5.491082577642068,2.7241497091915443,-3.6006235744301462,-7.0152543340419244,2.9441188192874863,1
9.21015094700074,-7.407113573283749,-4.383194755380846,2.443569373348348,6.675505537509208,5.164332964328732,-0.022034963750864656,5.856898690377452,4.75431537609613,-1.9931311739590696,1.086143576643564,-1.2200304861621423,-2.6156362458383513,-0.1554892612926599,-0.9997722617439028,-14.76881263688722,0
14.83758229449652,0.862133021108187,-0.8536895069848077,-6.989464105215801,2.4452840346232083,-3.1976408105489345,8.257262423111001,2.2700134696000402,6.605556359337365,7.12399917598141,-7.2306739879409,4.12431071103185,2.328369133453691,-3.826333656305122,-2.0300000848346293,3.489612942926013,1
25.61570846350216,-1.7478613508302918,-3.8713104299809324,-2.2566211716009015,5.471869476087014,1.5551797844346305,-1.642254464936596,-3.6018159441583353,2.0312007410131026,9.57505377711408,2.406502194235368,-4.707603098850338,-0.9988874358757865,-3.4403013009399634,-0.16973805219081933,5.7989574980670415,1
5.427946586790117,25.24318551504091,-2.3983454266836985,3.7118289550219465,0.0421280705959936,4.33499878363145,1.835579826720888,2.861607508361678,-2.628367729922087,-2.927800522812601,-8.447442290022545,3.7122948150989203,-8.950348503013915,-9.411794767994676,-0.9089197011622352,-4.58537092536717,2
17.308221033122496,0.3463379036906597,3.6558889181130745,-8.119861457231126,1.8629843993245354,-4.931013887677814,-0.7939740748301836,2.9591434040839104,0.1792191772200944,-3.121380825656966,3.040733182773814,8.038307794525382,-5.91117942529969,2.6228880782926742,3.3852658586792503,-2.8153317293157842,1
22.801736178736345,-6.078484835530515,3.9209712313838905,10.398259144491037,-3.1475575765051285,9.46918884724191,3.5960095180528033,10.856684441127177,-6.594977617882877,-4.724536551594596,-0.7528946534561629,1.6045570291605133,-0.34871245812897067,-10.6784166001096,-3.6975667804475836,-2.0630249844449677,1
21.38527882221566,4.954879133176548,-5.099769451632705,-7.725438845722736,2.3226801368185557,3.216207318177712,1.6637007471548124,3.047539788540423,-3.384537373698999,2.599193851184197,0.5180261799994526,-6.427418844019629,1.8853516794784528,-1.918349817656634,1.181419006016491,9.296932163843756,1
9.649821335736476,3.1195734821876964,6.327607271268572,11.722920065242878,-2.666431596846012,-0.1434217688866567,-5.75110773914448,9.11142329805086,-3.733216165870945,0.8758253621921497,5.882115480821577,-2.8459147024951816,-0.009228574610820791,4.391696991877405,-9.091211723422635,-4.188010507161911,1
9.105176500414638,0.08466605347034939,11.702298863336328,-2.8345214378044283,-3.9911181233135378,-2.490506914516892,9.055370219023734,2.054614791741261,-7.826244492574505,1.908710653080807,0.7870407252266688,-10.48282473045656,2.8416114994772075,0.5546474458556337,1.471332091217592,3.427212061905201,3
7.05769370291125,13.136116072703864,6.584844462900188,2.554077571876426,0.2853815633577517,4.865014266103581,1.7305828750114922,-0.26845176954580735,9.829814856537261,-5.418643206242054,-5.2469953724807805,-3.6831765433224035,3.0153712748554318,-3.5375730213514704,-2.5226568119155734,-5.961402888623994,2
26.251175550000383,-0.37089752825091216,0.7357012970725489,-1.0206734360942247,-1.2784057951359307,-3.758492576017523,0.6986060877521537,-1.4201146840166787,-7.321005321687883,-5.375185536991834,0.291280436609869,7.719823831348938,-3.1605904997857626,1.0948814445822608,1.223683505224918,-0.8182347593486903,1
26.222644233636842,4.186275353931411,-5.835727930379077,2.954370835857937,-4.063132932908408,8.831242659821198,-1.9512086825720378,-5.515347145587009,-3.713526687552284,-7.832745795340746,-3.810038131291475,1.9009967135966344,-7.306216830203149,-1.156141156481999,-0.42269721469826305,-1.517003401308988,1
10.170786770114935,12.087458407006789,6.935157505778906,5.3076985198532975,0.6120780363333393,-1.237849431847821,-2.939146501239637,4.980786303717661,-2.062847404109593,-7.84384149585465,9.419846348124155,-4.469449168922167,-3.0519312006381814,-1.4599195430460652,-1.0397309510244896,8.495288924573273,2
19.62096333531803,3.6063616794655573,-0.027581477288674935,-1.2708017329531147,2.2327757443299117,-2.3168732703989456,2.6109318673630018,-1.8256855327528938,-2.88716144373452,1.4890780795844436,-0.4830245923826839,3.750765265725449,0.1621698182995445,-1.4655793517159312,4.220885656271087,5.97503957315814,1
19.8706304613596,-3.8584761455799392,-0.9604550395914543,-1.7711952778916658,-9.913945692561297,1.128482624634489,-5.393458391201637,-7.87621708029878,-4.573092507243208,7.319054530833943,5.547111685391796,-3.2404901423394534,-5.62853431339231,-5.242218309226682,5.2502300849046,1.8786796698065495,1
13.757204332892755,11.643497195429752,24.57118038197038,4.566453835210573,4.940873058144307,3.3257076484485077,4.394338443289771,0.5700775735618023,-8.363870196857325,3.3631985706248226,-2.9500307002834094,5.604863555385632,-7.320424596131547,-3.2758669654146986,-12.125444315486575,3.0960668367324375,3
1.2170204335895463,11.531258898416418,12.02672573610107,0.5935470475760786,-2.8467234646370225,2.174612368176067,-1.4292667921829014,10.18581904293303,-3.0628181439353286,-0.846103348841057,0.37869491829558116,-1.6083531554190165,1.3714912746034624,4.931569666374474,-0.3179415111439517,-1.5911726854975217,2
14.326479943122607,10.510761037828912,16.19924531724949,-0.5361752385443291,3.343921470010162,-6.699406935943399,2.966418872738073,-0.7308899300275249,0.9935402388875161,10.043699695894198,-5.123976854417871,0.5202645048498247,-1.529221100644855,3.4536235522509298,-3.0353234076069744,10.027602837680476,3
20.733677563332517,-7.226429976600016,3.659656060938401,-1.692136878162441,7.438448219971385,10.72055242397391,-1.1419268035313674,2.770722680098029,2.3196488551994436,-2.552460400477228,0.7571497857182479,-0.028303644051690266,3.4767311179122466,0.5590061955603693,-3.445709161085924,3.2270487409558544,1
21.26607620120691,-1.1646922827375064,-5.574497031855046,-2.9033914255492883,0.5417018108157606,2.481479108686031,6.2587721774028955,-0.6297400731081451,2.972459141569554,-1.2305382924122146,9.44294225795371,-7.323725835139716,0.3566269169613864,-6.15455530888013,6.9175047719543326,-8.385571834395835,1
-1.2153108228624498,-0.4709319830433702,5.834882933477094,8.177219397767889,-2.318630990225439,3.272618963832426,2.3848058393478326,1.4935919638332085,4.895894071083892,-7.824930817117408,9.010040911514615,4.894016358048482,-0.3567238526965185,-2.7344838940389087,-3.2713921466183615,4.434913094929762,0
28.558441845534997,-4.3156448302501165,-2.138890649424668,-2.1333096090814383,3.091062564134143,0.32784419854977626,1.4048450590406631,6.059830444015104,3.321233941138857,3.6156235603962226,-3.159841719706421,-0.7530292949163984,0.8396381837081505,-10.04589000808165,-4.737474760959627,1.20233360024655,1
-1.641680887951356,-0.1391334604105383,-0.5676492109939804,1.3463145130652932,8.199333208129671,6.377295849025595,-2.0579229709758455,3.8708980803340824,1.2810715218602358,2.2978237206744465,7.102325521786561,0.7258891893685976,3.2318845918374937,-3.626981260897026,-2.6918136254033076,5.957263556856481,0
12.009465796551005,16.096666495195482,-8.09625264841258,-3.9455051114522393,2.6379626542252947,0.20254514350264494,3.6396549562643905,1.7658730310090802,0.4514094562565243,-0.9391516220699179,3.4643178750507877,-0.346074891274267,-1.102072250392111,-1.3682617804312487,5.425314670465664,1.5860431937826738,2
15.90528902940894,20.53136567299748,-3.537578749636958,2.242814604406904,9.081943530770909,-0.360443510637106,-3.317079234682563,-4.391250768351592,0.0743964763616243,7.842696716036329,-0.21344711749254022,-8.727371243903931,-2.319196488260511,4.930210775140291,-0.9154429711572193,3.6674279096547036,2
8.800119966799304,19.79748896250288,-2.3353695112003456,-10.539233424138432,-0.8568719995185883,2.3829676151519332,-3.8835856295907147,-4.878121071181306,-5.049295020995458,1.2304382106731948,3.681083953166604,-0.8114614940118989,5.617407113719955,-4.192088331433435,-7.4820032939819665,4.782046924750005,2
8.14357441310209,5.356776852210429,22.94340943192067,-0.6250608690104299,8.610520855471435,6.287989098658688,-4.133293927677578,-3.0950559324395512,6.614276029580483,0.8710802569811891,-0.0806085523428943,6.07092738567911,-2.766550111335632,2.1969493631592565,7.343239386290768,-1.4258359258511122,3
9.151261060338935,10.513168958295894,-6.325822766453693,-1.044307793465223,-0.03198487250138639,-5.170496339285232,-2.9054097735095423,10.037054058440084,-4.493753516992363,0.32225122595891287,2.9020397199756682,-1.870100965393631,-3.9968266842327016,2.6846923796803908,0.9243434980801611,7.506643627870062,0
-6.4443501811989226,-4.66729080402078,5.218531118574076,-1.422528634492242,0.9799763157699642,-4.832365621988469,-1.9254162816889362,-1.0435082886523301,0.6668510289645344,4.610891918648361,1.5319588572300618,6.844175147354795,0.011995952506246953,1.616883572027266,-2.6566415147145066,-0.5414495760951048,0
-6.051488544483066,-12.75739786459223,1.7323658324836897,2.305176901138954,-3.5999948951060667,-0.2891090395159813,1.4302202183967565,0.9127278912932159,-1.9203213140935,0.4187066890164009,-5.387026574433524,-6.314260487480629,0.4200363116343357,-0.4697658890468054,3.052670359271622,-6.987033112757184,0
17.651568845408093,-4.070126173330453,-0.03269452698305966,4.265391387583258,-5.473259376766899,-2.4767344528308746,-5.254854986722511,9.10769607120339,3.602249942958387,9.653552394316682,0.9283270896990491,-7.0297278532718455,3.2730962240813555,3.4289911483349123,-6.582552281186613,7.934791948084572,1
11.590789646639536,5.087152919889002,-9.55207345497725,-1.7582520130471775,7.575402967237934,-1.7681342082094118,1.0579710870651562,-7.325011943544183,-0.2252813945483224,5.487590301722693,-2.2185200560796794,-0.1405873592036591,-7.122159783592625,2.538251954046074,0.3212641416015256,3.160231002385631,1
7.052044711731767,11.876113512936008,17.995458054780055,-2.476263309336356,-1.7641167298170763,0.386896076008471,3.1616810325381093,-1.1870290572619966,14.677256342924029,2.134393486118709,-3.2966162004283954,-4.649629817863375,5.668434625934697,4.741547075450018,5.795699961215721,5.7382211427045045,3
1.772224193594754,17.463033105873844,-4.898431972951238,-0.29750878470034015,2.359707485110102,2.7830220580231018,0.7280789423793436,-0.7968694190642889,6.118318204251026,-1.1820544612086552,-5.894493167854813,3.9894845018908573,-0.14181155955785452,-4.982741115802407,6.700156445104226,-4.144268529233049,2
10.269620048272245,0.42723665379199094,22.786014653683143,-0.8139546507757165,0.03331425003956559,1.6754127606538336,0.4015455545098103,0.9065425017084223,9.758815380409612,-6.906446960752368,-0.943072518194341,0.5473709162557107,-4.565093261815052,-2.0301411367198376,-1.9389407389427993,2.422085578673368,3
14.32040941839734,26.010156542904845,8.726446400206209,-4.052879494008736,1.3819052366835904,5.180442867020677,3.7102298635005155,-5.98054063068216,-1.248389141725819,-6.58914721784394,-1.3304747771651626,4.660961016499306,0.3174507097940259,1.9317068974157747,0.26558795562270815,5.587603005029556,2
-2.125560649254549,-0.9364790459734605,6.4869485100292685,-7.519928696323174,2.45051698545594,5.6759478694979455,4.332766546274626,-1.259557562169598,-1.0370149374036652,2.0346042238960775,-1.5939484593887807,1.5306887289759235,2.862909989107535,3.3751455371372945,6.078320113665573,-1.2986502429592688,0
5.117702144432039,-2.1974858604329324,1.5663034396161197,-4.3688760699033855,-0.9546139568675334,1.9050797560346002,0.4669651628705562,0.2293866326029831,-3.0214829430928933,1.2226613107195647,0.03156070600535621,1.4698034475376536,0.1628165116424634,-5.36975285924808,-0.7114576752516526,0.06037993959500028,0
